variable_1,variable_2,spearman
img_pix_count_130,img_pix_density_130,1.0
img_pix_count_180,img_pix_density_180,1.0
img_pix_count_150,img_pix_density_150,1.0
img_glcm_energy_mean,img_glcm_ASM_mean,1.0
conductividad_us_cm,nitrogeno_mg_kg,1.0
img_pix_count_100,img_pix_density_100,1.0
img_pix_count_80,img_pix_density_80,1.0
img_pix_percentile_count_95,img_pix_percentile_density_95,1.0
img_pix_percentile_count_90,img_pix_percentile_density_90,1.0
img_pix_percentile_count_85,img_pix_percentile_density_85,1.0
img_pix_percentile_count_80,img_pix_percentile_density_80,1.0
img_pix_percentile_count_75,img_pix_percentile_density_75,1.0
img_pix_percentile_count_70,img_pix_percentile_density_70,1.0
img_pix_percentile_count_60,img_pix_percentile_density_60,1.0
img_pix_percentile_count_50,img_pix_percentile_density_50,1.0
img_pix_count_50,img_pix_density_50,1.0
img_glcm_contrast_mean,img_glcm_contrast_std,0.997948717948718
img_gray_p10,cold_mean_30,0.9960635005056738
cold_mean_35,cold_mean_40,0.9945299145299146
cold_median_35,cold_median_40,0.994351307842297
cold_median_30,cold_median_35,0.9941770996972907
img_gray_p10,cold_mean_25,0.9926394252203329
img_glcm_ASM_mean,img_glcm_ASM_std,0.9924786324786324
img_glcm_energy_mean,img_glcm_ASM_std,0.9924786324786324
cold_mean_25,cold_mean_30,0.9917948717948718
img_gray_p25,cold_median_40,0.9916047699070323
cold_mean_30,cold_mean_35,0.9911111111111112
cold_lbp_40_21,cold_lbp_40_22,0.9911111111111112
cold_median_30,cold_median_40,0.9907551383827573
img_glcm_dissimilarity_mean,img_glcm_dissimilarity_std,0.9904273504273504
cold_median_25,cold_median_30,0.9904076738609112
img_gray_p25,cold_median_35,0.9902302117276569
cold_mean_30,cold_mean_40,0.9897435897435898
cold_std_30,cold_std_35,0.9897435897435898
img_lbp_11,img_lbp_12,0.989059829059829
cold_mean_25,cold_mean_35,0.9876923076923076
img_gray_min,img_gray_range,-0.9875187054137935
cold_lbp_30_11,cold_lbp_30_12,0.987008547008547
img_glcm_energy_std,img_glcm_ASM_std,0.9863247863247864
img_gray_p10,cold_mean_35,0.985791274649651
fosforo_mg_kg,potasio_mg_kg,0.9851108312031162
img_gray_p10,cold_mean_40,0.9847640520640487
img_gray_p10,cold_median_25,0.9847473452348421
temperatura_c,salud,-0.984430808375001
cold_mean_25,cold_mean_40,0.9842735042735042
img_gray_mean,cold_mean_40,0.9842735042735042
cold_median_25,cold_median_35,0.9833875807858472
cold_lbp_25_11,cold_lbp_25_12,0.983074044116565
cold_median_35,cold_mean_40,0.9830628062205002
cold_median_25,cold_mean_30,0.9828889506125078
img_gray_p25,cold_mean_40,0.9827042613743536
img_glcm_correlation_mean,img_glcm_correlation_std,-0.9822222222222222
cold_mean_35,cold_median_35,0.9820362874531275
img_gray_mean,img_gray_p25,0.9820192113489968
cold_lbp_30_21,cold_lbp_30_22,0.9815384615384616
img_gray_mean,img_gray_median,0.981491521136042
img_lbp_10,img_lbp_11,0.9808547008547008
cold_mean_40,cold_median_40,0.980331923120993
img_lbp_11,img_lbp_20,-0.9801709401709402
cold_lbp_30_13,cold_lbp_35_13,0.9801709401709402
img_gray_mean,cold_mean_35,0.9794871794871794
cold_mean_30,cold_median_30,0.9794666353248598
img_gray_p25,cold_median_30,0.9792563172512765
cold_median_30,cold_mean_40,0.9787821722673302
cold_mean_25,cold_median_25,0.9780977092098007
cold_lbp_40_11,cold_lbp_40_12,0.9779449621472611
peso_cama_5cm_g,peso_cama_10cm_g,0.9776258038684231
img_gray_p25,cold_mean_35,0.9775663861841776
cold_median_30,cold_mean_35,0.977413246152271
cold_std_25,cold_std_30,0.9767521367521368
cold_lbp_35_21,cold_lbp_35_22,0.9762352681574932
cold_median_25,cold_median_40,0.9762028337754418
img_lbp_13,img_lbp_14,0.976068376068376
cold_mean_30,cold_median_35,0.9755350019264344
cold_mean_35,cold_median_40,0.9748590303192011
cold_lbp_25_5,cold_lbp_40_5,0.9747008547008547
img_gray_p10,cold_median_30,0.9746359471546374
img_gray_mean,cold_median_35,0.9741663102366043
cold_std_35,cold_std_40,0.974017094017094
cold_lbp_30_5,cold_lbp_35_5,0.9733333333333334
cold_lbp_35_20,cold_lbp_35_21,0.9733333333333334
img_lbp_22,img_lbp_23,0.9733333333333334
img_gray_mean,cold_median_40,0.972806695518529
cold_lbp_30_6,cold_lbp_35_6,0.9726495726495726
cold_lbp_25_13,cold_lbp_35_13,0.9726495726495726
cold_median_25,cold_mean_35,0.9726220047495638
img_gray_p10,cold_median_35,0.9725841900651868
img_gray_median,img_gray_p75,0.9725097139404496
cold_lbp_35_20,cold_lbp_35_22,0.9724739413800038
cold_lbp_30_20,cold_lbp_30_21,0.971965811965812
img_glcm_energy_std,img_glcm_ASM_mean,0.971965811965812
img_glcm_energy_mean,img_glcm_energy_std,0.971965811965812
img_lbp_10,img_lbp_20,-0.971965811965812
cold_lbp_30_12,cold_lbp_35_12,0.9712820512820513
cold_lbp_35_4,cold_lbp_40_4,0.9707642473902358
img_lbp_14,img_lbp_15,0.9705982905982906
cold_lbp_25_12,cold_lbp_25_14,0.9705982905982906
cold_lbp_40_4,cold_lbp_40_5,0.9705982905982906
cold_median_25,cold_mean_40,0.970568615576975
cold_lbp_40_6,cold_lbp_40_7,0.9699145299145299
humedad_pct,conductividad_us_cm,0.9697393558958821
humedad_pct,nitrogeno_mg_kg,0.9697393558958821
cold_lbp_35_13,cold_lbp_40_13,0.9692307692307692
img_gray_p25,cold_mean_30,0.9690032608672173
cold_lbp_25_21,cold_lbp_25_22,0.9685470085470086
img_gray_mean,img_gray_p75,0.9681006273875855
cold_lbp_30_14,cold_lbp_35_14,0.9678632478632478
img_pix_density_150,img_gray_mean,0.9678632478632478
img_pix_count_150,img_gray_mean,0.9678632478632478
cold_lbp_35_18,cold_lbp_35_19,0.9678632478632478
img_lbp_12,img_lbp_20,-0.9678632478632478
img_gray_median,img_gray_p25,0.9675428605505313
cold_mean_25,cold_median_30,0.9674885318180918
cold_mean_30,cold_median_40,0.966991746916625
cold_lbp_30_5,cold_lbp_30_6,0.9664957264957265
cold_mean_25,cold_median_35,0.966296333020081
cold_lbp_30_12,cold_lbp_30_14,0.9658119658119658
img_lbp_21,img_lbp_23,0.9651282051282051
cold_lbp_25_15,cold_lbp_30_15,0.9651282051282051
img_pix_count_130,img_pix_count_150,0.9651282051282051
img_pix_count_130,img_pix_density_150,0.9651282051282051
img_pix_density_130,img_pix_density_150,0.9651282051282051
img_pix_density_130,img_pix_count_150,0.9651282051282051
img_gray_p25,cold_median_25,0.9646840506255134
img_gray_p75,img_gray_p90,0.9640264173694355
img_gray_p10,img_gray_p25,0.9639794735328006
cold_lbp_25_6,cold_lbp_25_7,0.963925471431164
img_gray_mean,cold_mean_30,0.9637606837606838
img_gray_median,cold_median_40,0.9636449948017989
img_lbp_21,img_lbp_22,0.963076923076923
cold_lbp_35_5,cold_lbp_35_6,0.963076923076923
cold_lbp_30_4,cold_lbp_30_5,0.963076923076923
img_gray_p10,cold_median_40,0.9630015363434471
cold_lbp_25_6,cold_lbp_30_6,0.9628996550373032
cold_lbp_40_10,cold_lbp_40_11,0.9623931623931624
cold_lbp_25_14,cold_lbp_35_14,0.9623931623931624
cold_lbp_35_11,cold_lbp_35_12,0.9623803572386215
cold_lbp_25_11,cold_lbp_25_14,0.9618738386434424
img_gray_mean,cold_median_30,0.9606439012427958
img_lbp_1,img_lbp_2,0.9603418803418804
cold_lbp_30_20,cold_lbp_30_22,0.9603418803418804
cold_lbp_30_11,cold_lbp_35_12,0.9603418803418804
img_lbp_6,img_lbp_7,0.959822205855721
cold_lbp_25_5,cold_lbp_30_5,0.9596581196581196
cold_lbp_30_18,cold_lbp_30_19,0.9596581196581196
cold_lbp_25_11,cold_lbp_35_14,0.9591383282598138
cold_lbp_25_5,cold_lbp_35_5,0.958974358974359
cold_lbp_30_5,cold_lbp_35_6,0.958974358974359
img_lbp_10,img_lbp_12,0.958974358974359
cold_lbp_40_18,cold_lbp_40_19,0.9584544506639066
cold_lbp_30_7,cold_lbp_35_7,0.9582905982905983
cold_mean_25,cold_median_40,0.958098296113713
img_gray_median,cold_median_35,0.9579704825729022
img_gray_p25,cold_mean_25,0.9576999354488298
cold_lbp_35_12,cold_lbp_35_14,0.9576068376068376
cold_lbp_25_6,cold_lbp_35_6,0.9570866954720922
img_lbp_10,img_lbp_25,-0.9569230769230769
img_pix_count_150,cold_mean_40,0.9562393162393162
cold_lbp_35_6,cold_lbp_35_7,0.9562393162393162
cold_lbp_30_6,cold_lbp_30_7,0.9562393162393162
img_pix_density_150,cold_mean_40,0.9562393162393162
img_gray_mean,img_gray_p10,0.956001819667185
img_lbp_12,img_lbp_13,0.9555555555555556
cold_std_30,cold_std_40,0.9555555555555556
cold_lbp_25_5,cold_lbp_25_6,0.9550350626843708
img_glcm_contrast_mean,img_glcm_dissimilarity_mean,0.9548717948717949
cold_lbp_35_12,cold_lbp_35_13,0.9548717948717949
cold_lbp_25_20,cold_lbp_25_21,0.9541880341880342
cold_lbp_25_13,cold_lbp_30_13,0.9541880341880342
img_glcm_contrast_mean,img_glcm_dissimilarity_std,0.9535042735042735
cold_lbp_40_5,cold_lbp_40_6,0.9535042735042735
img_pix_density_150,cold_mean_35,0.9535042735042735
cold_lbp_35_15,cold_lbp_40_15,0.9535042735042735
img_pix_count_150,cold_mean_35,0.9535042735042735
cold_lbp_30_4,cold_lbp_35_5,0.9535042735042735
cold_lbp_25_4,cold_lbp_35_4,0.9529834298966492
cold_lbp_30_13,cold_lbp_35_12,0.9528205128205128
img_glcm_contrast_std,img_glcm_dissimilarity_std,0.9528205128205128
cold_lbp_30_12,cold_lbp_30_13,0.9528205128205128
img_pix_density_150,img_gray_p75,0.9527394922974111
img_pix_count_150,img_gray_p75,0.9527394922974111
cold_lbp_40_21,cold_lbp_40_23,0.9521367521367521
cold_lbp_30_13,cold_lbp_40_13,0.9521367521367521
img_gray_median,cold_mean_40,0.9516662461312093
img_lbp_7,img_lbp_8,0.9512737359068812
cold_lbp_25_18,cold_lbp_25_19,0.9507692307692308
img_gray_mean,cold_mean_25,0.9507692307692308
img_glcm_contrast_std,img_glcm_dissimilarity_mean,0.9507692307692308
cold_lbp_35_4,cold_lbp_35_5,0.9505898583109741
cold_lbp_35_4,cold_lbp_35_6,0.9505898583109741
cold_lbp_30_11,cold_lbp_30_14,0.9500854700854701
nitrogeno_mg_kg,fosforo_mg_kg,0.9500161997322792
conductividad_us_cm,fosforo_mg_kg,0.9500161997322792
img_pix_density_100,img_gray_min,0.9499371021317716
img_pix_count_100,img_gray_min,0.9499371021317716
cold_std_25,cold_std_35,0.9494017094017094
img_lbp_11,img_lbp_25,-0.9494017094017094
cold_lbp_25_20,cold_lbp_25_22,0.9487179487179487
cold_lbp_40_12,cold_lbp_40_14,0.9485382255232525
cold_lbp_30_4,cold_lbp_35_4,0.9485382255232525
cold_lbp_30_4,cold_lbp_30_6,0.948034188034188
cold_lbp_30_7,cold_lbp_35_6,0.948034188034188
cold_lbp_40_20,cold_lbp_40_22,0.948034188034188
cold_lbp_30_11,cold_lbp_35_11,0.9473324767416423
cold_lbp_25_0,cold_lbp_25_2,0.9466666666666667
img_pix_count_130,cold_mean_35,0.9466666666666667
cold_lbp_25_12,cold_lbp_35_14,0.9466666666666667
img_pix_density_130,cold_mean_35,0.9466666666666667
cold_lbp_25_13,cold_lbp_35_12,0.945982905982906
cold_lbp_25_14,cold_lbp_30_14,0.945982905982906
cold_lbp_25_4,cold_lbp_40_4,0.945982905982906
cold_lbp_35_11,cold_lbp_35_14,0.945622490321531
cold_lbp_30_6,cold_lbp_40_6,0.9452991452991453
cold_lbp_40_12,cold_lbp_40_13,0.9451188375437167
cold_lbp_25_6,cold_lbp_30_5,0.9451188375437167
img_gray_median,cold_median_30,0.9449224616941037
cold_lbp_35_3,cold_lbp_40_13,-0.9446153846153846
cold_lbp_35_5,cold_lbp_40_5,0.9446153846153846
img_gray_mean,cold_median_25,0.9445590193908502
cold_lbp_40_20,cold_lbp_40_21,0.9439316239316239
cold_lbp_25_4,cold_lbp_25_5,0.9432478632478632
cold_lbp_30_12,cold_lbp_35_11,0.9432285093333753
img_gray_std,img_gray_iqr,0.9429903335828895
img_pix_density_180,img_gray_p90,0.9422652250574906
img_pix_count_180,img_gray_p90,0.9422652250574906
cold_lbp_35_5,cold_lbp_40_4,0.9418803418803419
cold_lbp_30_4,cold_lbp_35_6,0.9418803418803419
cold_lbp_30_6,cold_lbp_35_5,0.9418803418803419
cold_lbp_40_11,cold_lbp_40_14,0.9418803418803419
img_gray_median,cold_mean_35,0.9417244877962652
img_pix_density_100,img_pix_count_130,0.9416865017065706
img_pix_density_100,img_pix_density_130,0.9416865017065706
img_pix_count_100,img_pix_count_130,0.9416865017065706
img_pix_count_100,img_pix_density_130,0.9416865017065706
humedad_pct,fosforo_mg_kg,0.9416646830221895
img_lbp_12,img_lbp_14,0.9411965811965812
cold_lbp_30_5,cold_lbp_40_5,0.9411965811965812
img_lbp_1,img_lbp_25,0.9411965811965812
cold_lbp_35_12,cold_lbp_40_12,0.94067363317032
cold_lbp_30_20,cold_lbp_35_23,0.9405128205128205
cold_lbp_25_13,cold_lbp_35_14,0.9405128205128205
cold_lbp_25_5,cold_lbp_40_4,0.9398290598290598
cold_lbp_40_4,cold_lbp_40_6,0.9398290598290598
img_pix_count_130,cold_mean_40,0.9398290598290598
img_pix_density_130,cold_mean_40,0.9398290598290598
cold_lbp_40_19,cold_lbp_40_20,0.9396478167764593
cold_lbp_40_10,cold_lbp_40_12,0.9393058779785057
cold_lbp_25_16,cold_lbp_30_16,0.9391452991452991
img_pix_density_130,cold_mean_25,0.9391452991452991
img_pix_count_130,cold_mean_25,0.9391452991452991
cold_lbp_35_10,cold_lbp_35_11,0.9386010056889806
img_lbp_21,img_lbp_25,0.9384615384615385
img_lbp_2,img_lbp_25,0.9384615384615385
cold_lbp_30_12,cold_lbp_35_14,0.9384615384615385
img_gray_p75,cold_mean_40,0.9380765906204263
cold_lbp_30_19,cold_lbp_30_20,0.9377777777777778
img_pix_count_180,img_gray_median,0.9376106567611159
img_pix_density_180,img_gray_median,0.9376106567611159
cold_lbp_30_4,cold_lbp_40_4,0.9370940170940171
cold_lbp_35_21,cold_lbp_35_23,0.9370940170940171
img_lbp_12,img_lbp_25,-0.9370940170940171
cold_lbp_30_15,cold_lbp_40_15,0.9370940170940171
img_glcm_correlation_std,cold_lbp_40_23,0.9364102564102564
cold_lbp_30_14,cold_lbp_35_12,0.9364102564102564
cold_lbp_30_10,cold_lbp_35_10,0.9362284287969234
img_lbp_5,img_lbp_6,0.936046511627907
conductividad_us_cm,potasio_mg_kg,0.9358712481746914
nitrogeno_mg_kg,potasio_mg_kg,0.9358712481746914
cold_lbp_35_23,cold_lbp_40_23,0.9357264957264957
cold_lbp_25_12,cold_lbp_25_13,0.935042735042735
cold_lbp_30_15,cold_lbp_35_13,0.935042735042735
img_lbp_20,img_lbp_25,0.935042735042735
img_pix_density_150,img_gray_median,0.934868102737683
img_pix_count_150,img_gray_median,0.934868102737683
img_pix_density_150,img_gray_p25,0.9347507595993765
img_pix_count_150,img_gray_p25,0.9347507595993765
img_gray_p75,cold_mean_35,0.9345854235544776
cold_lbp_35_18,cold_lbp_40_18,0.9343589743589743
img_lbp_13,img_lbp_15,0.9343589743589743
cold_lbp_30_21,cold_lbp_30_23,0.9343589743589743
cold_lbp_40_14,cold_lbp_40_15,0.9343589743589743
img_gray_p25,img_gray_p75,0.9342490857158663
humedad_pct,potasio_mg_kg,0.9342017618379265
cold_lbp_25_7,cold_lbp_25_8,0.9338348572112483
img_pix_density_130,cold_mean_30,0.9336752136752137
cold_lbp_25_5,cold_lbp_25_7,0.9336752136752137
img_pix_count_130,cold_mean_30,0.9336752136752137
cold_lbp_40_7,cold_lbp_40_8,0.9336752136752137
img_lbp_20,img_glcm_dissimilarity_std,-0.9336752136752137
cold_lbp_35_3,cold_lbp_40_3,0.932991452991453
cold_lbp_30_10,cold_lbp_30_12,0.932991452991453
cold_lbp_25_21,cold_lbp_25_23,0.932991452991453
cold_lbp_25_11,cold_lbp_25_13,0.9328090408173875
cold_lbp_35_19,cold_lbp_35_20,0.9323076923076923
img_pix_density_180,img_gray_p75,0.9317924899017186
img_pix_count_180,img_gray_p75,0.9317924899017186
cold_lbp_25_12,cold_lbp_30_14,0.9316239316239316
img_pix_count_130,img_gray_mean,0.9316239316239316
img_pix_density_130,img_gray_mean,0.9316239316239316
cold_lbp_30_15,cold_lbp_35_15,0.9316239316239316
cold_lbp_30_10,cold_lbp_30_11,0.9316239316239316
cold_lbp_25_5,cold_lbp_30_6,0.9316239316239316
img_pix_count_150,cold_mean_25,0.9309401709401709
cold_lbp_30_21,cold_lbp_35_23,0.9309401709401709
img_pix_density_150,cold_mean_25,0.9309401709401709
img_pix_count_150,cold_mean_30,0.9309401709401709
img_pix_density_150,cold_mean_30,0.9309401709401709
cold_lbp_25_11,cold_lbp_35_12,0.9304154692317124
cold_lbp_35_13,cold_lbp_40_12,0.9297315916358052
cold_lbp_25_13,cold_lbp_25_14,0.9295726495726496
img_gray_p75,cold_median_40,0.9291270371819212
cold_lbp_25_6,cold_lbp_35_5,0.9287057752419444
cold_lbp_25_13,cold_lbp_40_13,0.9282051282051282
cold_lbp_25_12,cold_lbp_35_12,0.9282051282051282
cold_lbp_30_6,cold_lbp_40_5,0.9282051282051282
cold_lbp_30_11,cold_lbp_30_13,0.9282051282051282
cold_lbp_35_6,cold_lbp_40_6,0.9282051282051282
cold_lbp_25_6,cold_lbp_40_6,0.9280218976460373
img_lbp_2,img_lbp_15,-0.9275213675213675
img_lbp_9,img_lbp_10,0.9275213675213675
cold_lbp_30_15,cold_lbp_40_13,0.9275213675213675
cold_lbp_30_5,cold_lbp_30_7,0.9268376068376069
img_glcm_correlation_mean,cold_lbp_40_23,-0.9268376068376069
cold_lbp_25_4,cold_lbp_40_5,0.9261538461538461
cold_lbp_25_13,cold_lbp_25_15,0.9261538461538461
cold_lbp_25_21,cold_lbp_25_24,-0.9261538461538461
cold_lbp_25_1,cold_lbp_25_2,0.9259702648583158
img_lbp_8,img_lbp_9,0.9259702648583158
img_gray_p75,cold_median_35,0.9259510221056828
img_gray_median,img_gray_p90,0.9259416496634191
cold_lbp_25_11,cold_lbp_35_11,0.9256028868055326
img_gray_iqr,cold_lbp_35_21,-0.9255275496276508
img_lbp_22,img_lbp_24,0.9254700854700855
img_lbp_11,img_lbp_13,0.9254700854700855
cold_lbp_25_7,cold_lbp_30_7,0.9247863247863248
cold_lbp_25_23,cold_lbp_30_23,0.9247863247863248
cold_lbp_25_3,cold_lbp_25_4,0.9246025096665014
img_pix_density_150,img_gray_p10,0.9245003270420485
img_pix_count_150,img_gray_p10,0.9245003270420485
img_pix_count_150,img_gray_p90,0.9241173676262473
img_pix_density_150,img_gray_p90,0.9241173676262473
img_lbp_0,img_lbp_2,0.9241025641025641
cold_lbp_25_7,cold_lbp_35_7,0.9241025641025641
cold_lbp_30_11,cold_lbp_35_14,0.9241025641025641
cold_lbp_35_6,cold_lbp_40_4,0.9241025641025641
img_lbp_14,img_lbp_25,-0.9241025641025641
cold_lbp_30_7,cold_lbp_30_8,0.9241025641025641
cold_lbp_35_19,cold_lbp_40_18,0.9241025641025641
cold_lbp_30_23,cold_lbp_35_23,0.9241025641025641
cold_lbp_30_5,cold_lbp_35_4,0.9239186320705942
cold_lbp_25_5,cold_lbp_35_4,0.9239186320705942
img_pix_density_150,cold_median_40,0.923892716102513
img_pix_count_150,cold_median_40,0.923892716102513
cold_lbp_35_4,cold_lbp_40_5,0.9235766932726407
cold_lbp_30_12,cold_lbp_35_13,0.9234188034188034
cold_lbp_25_4,cold_lbp_30_4,0.9234188034188034
cold_lbp_30_13,cold_lbp_30_15,0.9234188034188034
cold_lbp_25_15,cold_lbp_40_15,0.9227350427350427
cold_lbp_25_19,cold_lbp_25_20,0.9227350427350427
cold_lbp_25_4,cold_lbp_25_6,0.9225508768787799
img_pix_count_150,cold_median_35,0.9224981989455163
img_pix_density_150,cold_median_35,0.9224981989455163
cold_lbp_25_12,cold_lbp_30_12,0.9220512820512821
cold_lbp_25_7,cold_lbp_30_6,0.9220512820512821
cold_lbp_25_13,cold_lbp_30_12,0.9220512820512821
cold_lbp_40_3,cold_lbp_40_13,-0.9220512820512821
cold_lbp_35_10,cold_lbp_35_12,0.9218669992828727
cold_lbp_30_6,cold_lbp_35_7,0.9213675213675213
cold_lbp_30_4,cold_lbp_40_5,0.9213675213675213
img_gray_mean,img_gray_p90,0.9212706448919347
cold_lbp_25_7,cold_lbp_30_5,0.9206837606837607
img_pix_density_130,img_gray_p10,0.9200490291711053
img_pix_count_130,img_gray_p10,0.9200490291711053
img_lbp_1,img_lbp_15,-0.92
cold_lbp_25_5,cold_lbp_35_6,0.92
cold_lbp_25_7,cold_lbp_35_6,0.92
cold_lbp_25_5,cold_lbp_40_6,0.92
cold_lbp_35_13,cold_lbp_35_15,0.92
cold_lbp_25_6,cold_lbp_40_5,0.9194734276971976
img_gray_median,cold_mean_30,0.919441236355873
img_lbp_24,img_glcm_energy_mean,0.9193162393162393
cold_lbp_25_5,cold_lbp_30_4,0.9193162393162393
img_lbp_11,img_glcm_dissimilarity_std,0.9193162393162393
img_lbp_24,img_glcm_ASM_mean,0.9193162393162393
img_gray_median,cold_median_25,0.9191846063728552
cold_lbp_40_22,cold_lbp_40_23,0.9186324786324787
cold_lbp_25_18,cold_lbp_30_18,0.9186324786324787
cold_lbp_30_5,cold_lbp_40_4,0.9186324786324787
cold_lbp_25_10,cold_lbp_25_12,0.9186324786324787
cold_lbp_35_11,cold_lbp_35_13,0.918604704883773
cold_lbp_30_6,cold_lbp_35_4,0.9184476113033369
cold_lbp_25_11,cold_lbp_30_14,0.9181056725053832
img_pix_count_130,img_gray_p25,0.9179670339781345
img_pix_density_130,img_gray_p25,0.9179670339781345
cold_lbp_25_13,cold_lbp_35_15,0.9179487179487179
img_glcm_dissimilarity_mean,img_glcm_homogeneity_mean,-0.9179487179487179
img_pix_count_100,img_gray_range,-0.9175134684012115
img_pix_density_100,img_gray_range,-0.9175134684012115
img_gray_p75,cold_median_30,0.916673782274411
cold_lbp_35_15,cold_lbp_40_14,0.9165811965811966
cold_lbp_30_22,cold_lbp_35_23,0.9165811965811966
peso_cama_10cm_g,acel_y_g,-0.9160738575271389
cold_lbp_30_3,cold_lbp_35_3,0.9160540397176617
cold_lbp_25_15,cold_lbp_35_13,0.9158974358974359
cold_lbp_25_15,cold_lbp_35_15,0.9158974358974359
cold_lbp_25_10,cold_lbp_25_11,0.9157121009197081
img_pix_density_180,img_gray_mean,0.9152136752136752
cold_lbp_25_4,cold_lbp_30_5,0.9152136752136752
img_pix_count_180,img_gray_mean,0.9152136752136752
cold_lbp_30_13,cold_lbp_35_11,0.9151847320435504
cold_lbp_30_12,cold_lbp_40_12,0.915028223323801
img_gray_min,img_glcm_dissimilarity_mean,-0.9147692928993526
cold_lbp_35_14,cold_lbp_40_14,0.9145299145299145
cold_lbp_30_6,cold_lbp_40_4,0.9145299145299145
img_pix_density_130,img_gray_p75,0.9143366545719749
img_pix_count_130,img_gray_p75,0.9143366545719749
cold_lbp_25_13,cold_lbp_30_15,0.9138461538461539
cold_lbp_25_6,cold_lbp_30_7,0.9136604681319866
cold_lbp_40_12,cold_lbp_40_15,0.913318529334033
img_pix_density_130,cold_median_35,0.9132595300391629
img_pix_count_130,cold_median_35,0.9132595300391629
img_lbp_23,img_lbp_25,0.9131623931623931
cold_lbp_25_4,cold_lbp_35_5,0.9131623931623931
img_lbp_20,img_glcm_dissimilarity_mean,-0.9131623931623931
img_lbp_11,img_lbp_14,0.9131623931623931
cold_lbp_25_6,cold_lbp_35_7,0.9129765905360794
cold_lbp_30_16,cold_lbp_35_16,0.9126346517381259
cold_lbp_35_7,cold_lbp_40_6,0.9124786324786325
img_lbp_7,img_glcm_ASM_mean,-0.9124786324786325
img_lbp_7,img_glcm_energy_mean,-0.9124786324786325
cold_lbp_40_6,cold_lbp_40_8,0.9124786324786325
cold_lbp_30_14,cold_lbp_40_14,0.9124786324786325
cold_lbp_30_7,cold_lbp_40_6,0.9124786324786325
cold_lbp_30_11,cold_lbp_40_12,0.9122927129401722
img_gray_p75,cold_mean_30,0.9122419543324056
cold_lbp_30_13,cold_lbp_40_12,0.9112668965463115
cold_lbp_25_11,cold_lbp_30_12,0.9112668965463115
cold_lbp_30_20,cold_lbp_30_23,0.9111111111111111
cold_lbp_35_6,cold_lbp_40_5,0.9111111111111111
cold_lbp_25_6,cold_lbp_35_4,0.9110807113543091
cold_lbp_25_13,cold_lbp_35_11,0.9107387673512611
cold_lbp_30_14,cold_lbp_35_11,0.9107387673512611
cold_lbp_30_21,cold_lbp_30_24,-0.9104273504273505
cold_lbp_35_12,cold_lbp_40_14,0.9104273504273505
cold_lbp_35_13,cold_lbp_35_14,0.9104273504273505
img_pix_count_130,cold_median_30,0.91033586651437
img_pix_density_130,cold_median_30,0.91033586651437
cold_lbp_35_19,cold_lbp_40_19,0.9102410801524508
img_pix_count_130,cold_median_40,0.910210484098033
img_pix_density_130,cold_median_40,0.910210484098033
cold_lbp_25_7,cold_lbp_40_6,0.9097435897435897
cold_lbp_30_11,cold_lbp_40_11,0.9097435897435897
cold_lbp_35_13,cold_lbp_40_3,-0.9097435897435897
cold_lbp_25_12,cold_lbp_30_11,0.9097435897435897
cold_lbp_35_21,cold_lbp_40_23,0.9097435897435897
img_gray_iqr,cold_lbp_35_20,-0.9094343957865485
cold_lbp_35_12,cold_lbp_40_11,0.9090598290598291
img_lbp_0,img_lbp_1,0.9083760683760683
img_lbp_12,img_glcm_dissimilarity_std,0.9083760683760683
img_pix_density_150,cold_median_30,0.9082824773417812
img_pix_count_150,cold_median_30,0.9082824773417812
cold_lbp_25_6,cold_lbp_30_4,0.9081894473647292
img_gray_median,img_gray_p10,0.9078118142945343
img_lbp_10,cold_mean_25,-0.9076923076923077
cold_lbp_40_2,cold_lbp_40_11,-0.907505569768822
cold_lbp_30_11,cold_lbp_35_10,0.9071636309708684
cold_lbp_35_3,cold_lbp_35_13,-0.907008547008547
img_lbp_10,img_lbp_23,-0.907008547008547
img_lbp_15,img_lbp_25,-0.907008547008547
img_lbp_9,img_lbp_25,-0.9063247863247863
img_lbp_24,img_glcm_ASM_std,0.9063247863247863
cold_lbp_25_15,cold_lbp_35_3,-0.9063247863247863
cold_lbp_30_12,cold_lbp_35_10,0.9061378145770077
cold_lbp_35_15,cold_lbp_40_12,0.9057958757790541
cold_lbp_25_11,cold_lbp_30_11,0.9057958757790541
cold_lbp_30_18,cold_lbp_35_18,0.9056410256410257
img_lbp_9,img_glcm_ASM_std,-0.9056410256410257
cold_lbp_40_5,cold_lbp_40_7,0.9056410256410257
img_lbp_2,img_lbp_14,-0.9056410256410257
img_lbp_20,img_lbp_23,0.9049572649572649
cold_lbp_40_3,cold_lbp_40_4,0.9049572649572649
cold_std_25,cold_std_40,0.9049572649572649
img_lbp_10,img_glcm_dissimilarity_std,0.9049572649572649
cold_lbp_35_12,cold_lbp_40_13,0.9049572649572649
cold_lbp_25_15,cold_lbp_40_13,0.9049572649572649
cold_lbp_30_1,cold_lbp_30_2,0.9045827633378933
cold_lbp_25_13,cold_lbp_40_12,0.9044281205872398
img_lbp_20,img_lbp_21,0.9042735042735043
img_gray_p10,img_gray_p75,0.904207964147985
cold_lbp_35_18,cold_lbp_40_19,0.9037442429913326
cold_lbp_25_13,cold_lbp_30_14,0.9035897435897436
img_gray_p75,cold_mean_25,0.903164919960939
cold_lbp_30_3,cold_lbp_40_3,0.9030603653954253
cold_lbp_25_14,cold_lbp_35_12,0.9029059829059829
cold_lbp_25_7,cold_lbp_40_5,0.9029059829059829
img_glcm_correlation_std,cold_lbp_35_23,0.9029059829059829
cold_lbp_25_22,cold_lbp_25_24,-0.9029059829059829
cold_lbp_40_2,cold_lbp_40_12,-0.9028727770177839
cold_lbp_40_2,cold_lbp_40_13,-0.9027184265974718
cold_lbp_35_4,cold_lbp_40_6,0.9023764877995182
cold_lbp_25_16,cold_lbp_35_16,0.9023764877995182
img_gray_median,cold_mean_25,0.9023002737094176
cold_lbp_35_5,cold_lbp_35_7,0.9022222222222223
cold_lbp_30_22,cold_lbp_30_23,0.9022222222222223
cold_lbp_40_11,cold_lbp_40_13,0.9015384615384615
cold_lbp_30_5,cold_lbp_35_7,0.9015384615384615
cold_lbp_30_19,cold_lbp_30_21,0.9015384615384615
cold_lbp_25_13,cold_lbp_40_14,0.9015384615384615
img_lbp_10,cold_median_25,-0.9014378467664853
cold_lbp_30_15,cold_lbp_40_12,0.9013506714056574
img_lbp_4,cold_lbp_40_6,0.9008547008547009
cold_lbp_25_23,cold_lbp_25_24,-0.9008547008547009
cold_lbp_25_4,cold_lbp_35_6,0.9008547008547009
cold_lbp_25_21,cold_lbp_30_23,0.9008547008547009
img_gray_p10,img_lbp_10,-0.900531800044662
img_pix_count_130,cold_median_25,0.9004111521801909
img_pix_density_130,cold_median_25,0.9004111521801909
img_lbp_10,cold_median_35,-0.9002569589857765
